<?xml version="1.0" encoding="UTF-8"?>
<project-private xmlns="http://www.netbeans.org/ns/project-private/1">
    <editor-bookmarks xmlns="http://www.netbeans.org/ns/editor-bookmarks/2" lastBookmarkId="0"/>
    <open-files xmlns="http://www.netbeans.org/ns/projectui-open-files/2">
        <group>
            <file>file:/C:/Users/rival/OneDrive/Documents/NetBeansProjects/UASPRAKPMVS/src/paneldaftar.java</file>
            <file>file:/C:/Users/rival/OneDrive/Documents/NetBeansProjects/UASPRAKPMVS/src/Panellogin.java</file>
            <file>file:/C:/Users/rival/OneDrive/Documents/NetBeansProjects/UASPRAKPMVS/src/Main.java</file>
            <file>file:/C:/Users/rival/OneDrive/Documents/NetBeansProjects/UASPRAKPMVS/src/panelkemampuan.java</file>
            <file>file:/C:/Users/rival/OneDrive/Documents/NetBeansProjects/UASPRAKPMVS/src/panelprofil.java</file>
            <file>file:/C:/Users/rival/OneDrive/Documents/NetBeansProjects/UASPRAKPMVS/src/panelmateri.java</file>
            <file>file:/C:/Users/rival/OneDrive/Documents/NetBeansProjects/UASPRAKPMVS/src/Session.java</file>
            <file>file:/C:/Users/rival/OneDrive/Documents/NetBeansProjects/UASPRAKPMVS/src/PanelUtama.java</file>
            <file>file:/C:/Users/rival/OneDrive/Documents/NetBeansProjects/UASPRAKPMVS/src/paneltantangan.java</file>
            <file>file:/C:/Users/rival/OneDrive/Documents/NetBeansProjects/UASPRAKPMVS/src/tesmateri.java</file>
            <file>file:/C:/Users/rival/OneDrive/Documents/NetBeansProjects/UASPRAKPMVS/src/koneksi.java</file>
        </group>
    </open-files>
</project-private>
